,Equal Weight,Inverse Volatility
Momentum,0.46363684153541895,0.49999999999999956
Mean Reversion,0.536363158464581,0.5000000000000004
