,Momentum,Mean Reversion
Momentum,1.0,-0.4610925397017695
Mean Reversion,-0.4610925397017695,1.0
