Transaction Cost (bps),Gross Return,Net Return,Total Cost
0,-0.3726035334711233,-0.3726035334711233,0.0
5,-0.3726035334711233,-0.4782478786021832,0.18260833333333337
10,-0.3726035334711233,-0.5661245834354643,0.36521666666666674
20,-0.3726035334711233,-0.7000128674117434,0.7304333333333335
50,-0.3726035334711233,-0.9009619726348211,1.8260833333333335
